{
  "model": "bilstm",
  "precision": "fp16",
  "accuracy": 0.9580424019296686,
  "f1_macro": 0.8244626109193547,
  "precision_macro": 0.7559725935785809,
  "recall_macro": 0.958174843824078,
  "auc_roc": 0.9965791183853948,
  "f1_per_class": {
    "Normal": 0.9770054282267793,
    "SVEB": 0.7186932849364791,
    "VEB": 0.926007975188303,
    "Fusion": 0.5362318840579711,
    "Paced": 0.9643744821872411
  },
  "latency_ms": {
    "mean_ms": 3.67512499957229,
    "std_ms": 0.4327790744930917,
    "median_ms": 3.5634000014397316
  },
  "model_size_mb": 2.4353370666503906,
  "total_params": 638213
}