{
  "model": "bilstm",
  "precision": "fp32",
  "accuracy": 0.9490922940205662,
  "f1_macro": 0.7978632210572876,
  "precision_macro": 0.7340470699823248,
  "recall_macro": 0.9543479583870047,
  "auc_roc": 0.9963720506337227,
  "f1_per_class": {
    "Normal": 0.971984553645794,
    "SVEB": 0.6677768526228143,
    "VEB": 0.9269178393100318,
    "Fusion": 0.4493927125506073,
    "Paced": 0.9732441471571907
  },
  "latency_ms": {
    "mean_ms": 70.88157899983344,
    "std_ms": 25.249476699299553,
    "median_ms": 62.58969999908004
  },
  "model_size_mb": 2.4353370666503906,
  "total_params": 638213
}