{
  "model": "cnn1d",
  "precision": "int8_cal2000",
  "accuracy": 0.9455376412339723,
  "f1_macro": 0.7897424130802739,
  "precision_macro": 0.736330521736024,
  "recall_macro": 0.9606815123697198,
  "auc_roc": 0.9977585105121749,
  "f1_per_class": {
    "Normal": 0.9699798853846445,
    "SVEB": 0.6963350785340314,
    "VEB": 0.9310816978548608,
    "Fusion": 0.3547400611620795,
    "Paced": 0.9965753424657534
  },
  "latency_ms": {
    "mean_ms": 1.8437770000309683,
    "std_ms": 0.6916420098055167,
    "median_ms": 1.5458499983651564
  },
  "model_size_mb": 0.7647562026977539,
  "total_params": 0
}