{
  "model": "cnn1d",
  "precision": "fp16",
  "accuracy": 0.964516948076679,
  "f1_macro": 0.8366734343701214,
  "precision_macro": 0.7781319572323675,
  "recall_macro": 0.9689895694462001,
  "auc_roc": 0.9981595989234215,
  "f1_per_class": {
    "Normal": 0.9804997182040203,
    "SVEB": 0.75139146567718,
    "VEB": 0.9552511415525115,
    "Fusion": 0.5022026431718062,
    "Paced": 0.9940222032450897
  },
  "latency_ms": {
    "mean_ms": 0.7466649994603358,
    "std_ms": 0.26715263893930885,
    "median_ms": 0.6492499960586429
  },
  "model_size_mb": 2.983684539794922,
  "total_params": 781701
}