{
  "model": "cnn1d",
  "precision": "int8_cal100",
  "accuracy": 0.9445220261520884,
  "f1_macro": 0.7872651375217424,
  "precision_macro": 0.7336797868648623,
  "recall_macro": 0.9597670372622676,
  "auc_roc": 0.9977325939282704,
  "f1_per_class": {
    "Normal": 0.9695473876063183,
    "SVEB": 0.689119170984456,
    "VEB": 0.9282777523983554,
    "Fusion": 0.35365853658536583,
    "Paced": 0.9957228400342173
  },
  "latency_ms": {
    "mean_ms": 1.5492869992158376,
    "std_ms": 0.22726621489603932,
    "median_ms": 1.4644000038970262
  },
  "model_size_mb": 0.7647562026977539,
  "total_params": 0
}