{
  "model": "cnn1d",
  "precision": "int8_per_channel",
  "accuracy": 0.9439507426685286,
  "f1_macro": 0.7862362256459428,
  "precision_macro": 0.7317782994390857,
  "recall_macro": 0.9599733152647684,
  "auc_roc": 0.9978055503505951,
  "f1_per_class": {
    "Normal": 0.9691168091168091,
    "SVEB": 0.6808873720136519,
    "VEB": 0.9288321167883211,
    "Fusion": 0.3574730354391371,
    "Paced": 0.9948717948717949
  },
  "latency_ms": {
    "mean_ms": 1.7614959983620793,
    "std_ms": 0.622247611057369,
    "median_ms": 1.4563500008080155
  },
  "model_size_mb": 0.7647562026977539,
  "total_params": 0
}