{
  "model": "cnn1d",
  "precision": "int8_cal250",
  "accuracy": 0.9445855020947062,
  "f1_macro": 0.7874073517557468,
  "precision_macro": 0.7337179586829708,
  "recall_macro": 0.9597817995888104,
  "auc_roc": 0.9977623982819088,
  "f1_per_class": {
    "Normal": 0.9695497000531551,
    "SVEB": 0.68971477960242,
    "VEB": 0.9287020109689214,
    "Fusion": 0.35419847328244275,
    "Paced": 0.9948717948717949
  },
  "latency_ms": {
    "mean_ms": 1.7408360002445988,
    "std_ms": 0.6436235952848781,
    "median_ms": 1.443250002921559
  },
  "model_size_mb": 0.7647562026977539,
  "total_params": 0
}