{
  "model": "cnn1d",
  "precision": "int8_cal1000",
  "accuracy": 0.9457280690618256,
  "f1_macro": 0.7899611768286832,
  "precision_macro": 0.7355253262215047,
  "recall_macro": 0.9608515143883748,
  "auc_roc": 0.9977207677298271,
  "f1_per_class": {
    "Normal": 0.9702098592083792,
    "SVEB": 0.6974716652136007,
    "VEB": 0.9275626423690205,
    "Fusion": 0.35968992248062015,
    "Paced": 0.9948717948717949
  },
  "latency_ms": {
    "mean_ms": 1.664951999555342,
    "std_ms": 0.763834836958454,
    "median_ms": 1.4026499993633479
  },
  "model_size_mb": 0.7647562026977539,
  "total_params": 0
}