{
  "model": "cnn1d",
  "precision": "int8_cal10",
  "accuracy": 0.9437603148406754,
  "f1_macro": 0.7862094142149321,
  "precision_macro": 0.7314457063897071,
  "recall_macro": 0.9605634517362447,
  "auc_roc": 0.9977594703936175,
  "f1_per_class": {
    "Normal": 0.9689577871499677,
    "SVEB": 0.6837606837606838,
    "VEB": 0.9276285844333182,
    "Fusion": 0.3558282208588957,
    "Paced": 0.9948717948717949
  },
  "latency_ms": {
    "mean_ms": 2.0140169947990216,
    "std_ms": 0.7094761981833301,
    "median_ms": 1.6891499981284142
  },
  "model_size_mb": 0.7647562026977539,
  "total_params": 0
}