{
  "model": "cnn1d",
  "precision": "int8_static",
  "accuracy": 0.945347213406119,
  "f1_macro": 0.7892778951128175,
  "precision_macro": 0.735350859725674,
  "recall_macro": 0.9607629404291188,
  "auc_roc": 0.9977140273025344,
  "f1_per_class": {
    "Normal": 0.9699385105898428,
    "SVEB": 0.6920415224913494,
    "VEB": 0.92925604746691,
    "Fusion": 0.35857805255023184,
    "Paced": 0.9965753424657534
  },
  "latency_ms": {
    "mean_ms": 1.4241109989234246,
    "std_ms": 0.28450069945478373,
    "median_ms": 1.341149996733293
  },
  "model_size_mb": 0.7647562026977539,
  "total_params": 0
}