{
  "model": "cnn1d",
  "precision": "int8_cal50",
  "accuracy": 0.9444585502094706,
  "f1_macro": 0.7873872043275576,
  "precision_macro": 0.7329480846148507,
  "recall_macro": 0.9600914138771097,
  "auc_roc": 0.997807028357952,
  "f1_per_class": {
    "Normal": 0.9694299927847188,
    "SVEB": 0.689119170984456,
    "VEB": 0.9271402550091075,
    "Fusion": 0.3563748079877112,
    "Paced": 0.9948717948717949
  },
  "latency_ms": {
    "mean_ms": 2.0206259976839647,
    "std_ms": 0.807227034728737,
    "median_ms": 1.649599988013506
  },
  "model_size_mb": 0.7647562026977539,
  "total_params": 0
}