{
  "model": "cnn1d",
  "precision": "int8_per_tensor",
  "accuracy": 0.9439507426685286,
  "f1_macro": 0.7861537889230634,
  "precision_macro": 0.7317602530057373,
  "recall_macro": 0.9596341763233838,
  "auc_roc": 0.9977882871559253,
  "f1_per_class": {
    "Normal": 0.9691583105439077,
    "SVEB": 0.680306905370844,
    "VEB": 0.9278538812785389,
    "Fusion": 0.35857805255023184,
    "Paced": 0.9948717948717949
  },
  "latency_ms": {
    "mean_ms": 2.0247349978308193,
    "std_ms": 0.6756462983967145,
    "median_ms": 1.730349991703406
  },
  "model_size_mb": 0.7554521560668945,
  "total_params": 0
}