{
  "model": "cnn1d",
  "precision": "int8_dynamic",
  "accuracy": 0.9414751809064364,
  "f1_macro": 0.7821796665463834,
  "precision_macro": 0.7268446552457533,
  "recall_macro": 0.9606664314318127,
  "auc_roc": 0.9977913765380038,
  "f1_per_class": {
    "Normal": 0.9674669913625813,
    "SVEB": 0.6666666666666666,
    "VEB": 0.927694406548431,
    "Fusion": 0.35419847328244275,
    "Paced": 0.9948717948717949
  },
  "latency_ms": {
    "mean_ms": 1.1843509989557788,
    "std_ms": 0.16425061911922845,
    "median_ms": 1.1367999977665022
  },
  "model_size_mb": 0.86041259765625,
  "total_params": 35712
}