{
  "model": "cnn1d",
  "precision": "fp32",
  "accuracy": 0.9419829884473785,
  "f1_macro": 0.7830414866743862,
  "precision_macro": 0.727827801102862,
  "recall_macro": 0.9606149605734619,
  "auc_roc": 0.9977950527766822,
  "f1_per_class": {
    "Normal": 0.9678204640547737,
    "SVEB": 0.6705685618729097,
    "VEB": 0.9272065514103731,
    "Fusion": 0.3547400611620795,
    "Paced": 0.9948717948717949
  },
  "latency_ms": {
    "mean_ms": 0.622647999698529,
    "std_ms": 0.284804107246493,
    "median_ms": 0.5120999994687736
  },
  "model_size_mb": 2.983684539794922,
  "total_params": 781701
}