{
  "model": "cnn1d",
  "precision": "int8_cal500",
  "accuracy": 0.9459819728322966,
  "f1_macro": 0.7907963462270822,
  "precision_macro": 0.7368949119921694,
  "recall_macro": 0.9614192721066225,
  "auc_roc": 0.9977617912709412,
  "f1_per_class": {
    "Normal": 0.970212120062232,
    "SVEB": 0.6974716652136007,
    "VEB": 0.9311445508435933,
    "Fusion": 0.35857805255023184,
    "Paced": 0.9965753424657534
  },
  "latency_ms": {
    "mean_ms": 1.7580159989302047,
    "std_ms": 0.5340583089976589,
    "median_ms": 1.5509499789914116
  },
  "model_size_mb": 0.7647562026977539,
  "total_params": 0
}