{
  "model": "cnn1d",
  "precision": "qat_int8",
  "accuracy": 0.9752443823790783,
  "f1_macro": 0.8931325186890493,
  "precision_macro": 0.8431702423231007,
  "recall_macro": 0.9647569184883558,
  "auc_roc": 0.9984203772971234,
  "f1_per_class": {
    "Normal": 0.9864864864864865,
    "SVEB": 0.7707129094412332,
    "VEB": 0.9531953195319532,
    "Fusion": 0.7612456747404844,
    "Paced": 0.9940222032450897
  },
  "latency_ms": {
    "mean_ms": 1.7545380000956357,
    "std_ms": 0.622585182258621,
    "median_ms": 1.5587499947287142
  },
  "model_size_mb": 0.7647562026977539,
  "total_params": 0
}