{
  "model": "resnet1d",
  "precision": "int8_dynamic",
  "accuracy": 0.9636917608226482,
  "f1_macro": 0.8451959867221266,
  "precision_macro": 0.7833736512588644,
  "recall_macro": 0.9645582302392393,
  "auc_roc": 0.9980735536805142,
  "f1_per_class": {
    "Normal": 0.9800443458980045,
    "SVEB": 0.7034482758620689,
    "VEB": 0.9494305239179954,
    "Fusion": 0.6032608695652174,
    "Paced": 0.9897959183673469
  },
  "latency_ms": {
    "mean_ms": 4.01629200350726,
    "std_ms": 1.1660280857952185,
    "median_ms": 3.5439500061329454
  },
  "model_size_mb": 8.3500337600708,
  "total_params": 2168128
}