{
  "model": "resnet1d",
  "precision": "fp16",
  "accuracy": 0.9727053446743684,
  "f1_macro": 0.8667621996451974,
  "precision_macro": 0.8110282073303544,
  "recall_macro": 0.9727710624543542,
  "auc_roc": 0.9983968959148803,
  "f1_per_class": {
    "Normal": 0.9851181573437032,
    "SVEB": 0.8191268191268192,
    "VEB": 0.9476041200179132,
    "Fusion": 0.5879396984924623,
    "Paced": 0.9940222032450897
  },
  "latency_ms": {
    "mean_ms": 23.72324599942658,
    "std_ms": 12.346412041683122,
    "median_ms": 19.700400000147056
  },
  "model_size_mb": 8.415904998779297,
  "total_params": 2201669
}