{
  "model": "resnet1d",
  "precision": "fp32",
  "accuracy": 0.9639456645931193,
  "f1_macro": 0.8461289359071771,
  "precision_macro": 0.7843979516480617,
  "recall_macro": 0.9646172795454099,
  "auc_roc": 0.9980703762554238,
  "f1_per_class": {
    "Normal": 0.9801976477661294,
    "SVEB": 0.7046632124352331,
    "VEB": 0.9494305239179954,
    "Fusion": 0.6065573770491803,
    "Paced": 0.9897959183673469
  },
  "latency_ms": {
    "mean_ms": 2.3151520000828896,
    "std_ms": 0.47728613438928635,
    "median_ms": 2.15205000131391
  },
  "model_size_mb": 8.415904998779297,
  "total_params": 2201669
}