{
  "model": "transformer",
  "precision": "fp32",
  "accuracy": 0.9457915450044433,
  "f1_macro": 0.789261561191284,
  "precision_macro": 0.7234573973635786,
  "recall_macro": 0.9546534133042748,
  "auc_roc": 0.9944690793192702,
  "f1_per_class": {
    "Normal": 0.9699016965878469,
    "SVEB": 0.6632653061224489,
    "VEB": 0.9247216035634744,
    "Fusion": 0.4216417910447761,
    "Paced": 0.9667774086378738
  },
  "latency_ms": {
    "mean_ms": 1.1329920012212824,
    "std_ms": 0.37700147928379807,
    "median_ms": 0.9413000007043593
  },
  "model_size_mb": 0.4126167297363281,
  "total_params": 105797
}