{
  "model": "transformer",
  "precision": "fp16",
  "accuracy": 0.9384283356607845,
  "f1_macro": 0.7822529241060756,
  "precision_macro": 0.7172499136543422,
  "recall_macro": 0.9580924474504176,
  "auc_roc": 0.9954654849296496,
  "f1_per_class": {
    "Normal": 0.9653489879159837,
    "SVEB": 0.5861818181818181,
    "VEB": 0.9262109551833408,
    "Fusion": 0.4578313253012048,
    "Paced": 0.9756915339480302
  },
  "latency_ms": {
    "mean_ms": 1.0779680013365578,
    "std_ms": 0.14846862393152008,
    "median_ms": 1.058550005836878
  },
  "model_size_mb": 0.4126167297363281,
  "total_params": 105797
}